Workbook

Sheet Subject Profile
A1: Dr. Yanga's Colleges, Inc.
A2: College Department
A3: McArthur Highway, Wakas, Bocaue, Bulacan 3018
A4: (044) 692-5291 - www.dyci.edu.ph
C7: SUBJECT PROFILE
C8: (Input data in UPPER CASE format)
C10: College: | D10: College of Computer Studies | H10: No.of Units: | I10: 3
C12: Subject Code: | D12: BSITCPR323 | H12: Schedule of Classes:
C14: Subject Description: | D14: Capstone and Research 1 | H14: Day: | I14: Sat
C15: Semester / Summer | D15: 2nd Sem | H15: Time/Hour: | I15: 7:00 - 10:00
C17: Academic Year: | D17: 2025-2026
C18: Course: | D18: BSIT
C19: Section: | D19: IT3A
C20: Student Record Examiner: | D20: ERON DAVE GERONIMO
C21: Registrar: | D21: CLARENCE TIMOTHY SADIAZA, MBA
C22: Faculty Name: | D22: EMMANUEL VITO CRUZ, MIT
C23: Dean: | D23: CARL JEROME ABALOS, DIT
A27: STUDENT NAMES
D29: 1 | E29: ='Record Sheet'!C9 -> GABRIEL, JOHN CHRISTIAN C. | H29: 31 | I29: ='Record Sheet'!C39 -> 0
D30: 2 | E30: ='Record Sheet'!C10 -> SATIAGO, MARK ANGELO | H30: 32 | I30: ='Record Sheet'!C40 -> 0
D31: 3 | E31: ='Record Sheet'!C11 -> CELESTINO, CARLO | H31: 33 | I31: ='Record Sheet'!C41 -> 0
D32: 4 | E32: ='Record Sheet'!C12 -> 0 | H32: 34 | I32: ='Record Sheet'!C42 -> 0
D33: 5 | E33: ='Record Sheet'!C13 -> 0 | H33: 35 | I33: ='Record Sheet'!C43 -> 0
D34: 6 | E34: ='Record Sheet'!C14 -> 0 | H34: 36 | I34: ='Record Sheet'!C44 -> 0
D35: 7 | E35: ='Record Sheet'!C15 -> 0 | H35: 37 | I35: ='Record Sheet'!C45 -> 0
D36: 8 | E36: ='Record Sheet'!C16 -> 0 | H36: 38 | I36: ='Record Sheet'!C46 -> 0
D37: 9 | E37: ='Record Sheet'!C17 -> 0 | H37: 39 | I37: ='Record Sheet'!C47 -> 0
D38: 10 | E38: ='Record Sheet'!C18 -> 0 | H38: 40 | I38: ='Record Sheet'!C48 -> 0
D39: 11 | E39: ='Record Sheet'!C19 -> 0 | H39: 41 | I39: ='Record Sheet'!C49 -> 0
D40: 12 | E40: ='Record Sheet'!C20 -> 0 | H40: 42 | I40: ='Record Sheet'!C50 -> 0
... D58: 30 | E58: ='Record Sheet'!C38 -> 0 | H58: 60 | I58: ='Record Sheet'!C68 -> 0

Sheet Record Sheet
A1: RECORD SHEET FOR GENERAL EDUCATION SUBJECTS
A2: College: | B2: ='Subject Profile'!D10 -> College of Computer Studies | N2: Course: | O2: ='Subject Profile'!D18 -> BSIT | AN2: Academic Year: | AO2: ='Subject Profile'!D17 -> 2025-2026
A3: Subject Description: | B3: ='Subject Profile'!D14 -> Capstone and Research 1 | N3: Section: | O3: ='Subject Profile'!D19 -> IT3A | AN3: Semester: | AO3: ='Subject Profile'!D15 -> 2nd Sem
A5: STUDENT INFO | D5: PRELIMINARY GRADE | P5: MIDTERM GRADE | AB5: MIDTERM RATING | AC5: SEMI-FINAL GRADE | AO5: FINAL GRADE | BA5: TENTATIVE FINAL RATING | BB5: SEMESTRAL GRADE
D6: Class Standing | L6: Char | M6: Term Exam | O6: Rating | P6: Class Standing | X6: Char | Y6: Term Exam | AA6: Rating | AC6: Class Standing | AK6: Char | AL6: Term Exam | AN6: Rating | AO6: Class Standing | AW6: Char | AX6: Term Exam | AZ6: Rating | BB6: Rating | BC6: Equivalent | BD6: Remarks
D7: 1 | E7: 2 | F7: 3 | G7: 4 | H7: 5 | I7: 6 | J7: Total | K7: % | M7: Raw | N7: % | P7: 1 | Q7: 2 | R7: 3 | S7: 4 | T7: 5 | U7: 6 | V7: Total | W7: % | Y7: Raw | Z7: % | AC7: 1 | AD7: 2 | AE7: 3 | AF7: 4 | AG7: 5 | AH7: 6 | AI7: Total | AJ7: % | AL7: Raw | AM7: % | AO7: 1 | AP7: 2 | AQ7: 3 | AR7: 4 | AS7: 5 | AT7: 6 | AU7: Total | AV7: % | AX7: Raw | AY7: %
A8: No. | B8: Student No. | C8: NAME | D8: 20 | E8: 20 | F8: 20 | G8: 20 | H8: 20 | I8: 10 | J8: =SUM(D8:I8) -> 110 | K8: 50 | L8: 100 | M8: 40 | N8: 40 | O8: 100 | P8: 20 | Q8: 20 | R8: 20 | S8: 20 | T8: 20 | U8: 10 | V8: =SUM(P8:U8) -> 110 | Y8: 40 | AC8: 20 | AD8: 20 | AE8: 20 | AF8: 20 | AG8: 20 | AH8: 10 | AI8: =SUM(AC8:AH8) -> 110 | AL8: 40 | AO8: 20 | AP8: 20 | AQ8: 20 | AR8: 20 | AS8: 20 | AT8: 10 | AU8: =SUM(AO8:AT8) -> 110 | AX8: 40
A9: 1 | B9: 2025-1001 | C9: GABRIEL, JOHN CHRISTIAN C. | D9: 18 | E9: 19 | F9: 17 | G9: 20 | H9: 18 | I9: 9 | J9: =IF($C9="","",SUM(D9:I9)) -> 101 | K9: =IF($C9="","",IF(J$8>0, (J9/J$8)*50, 0)) -> 45.909091 | L9: 100 | M9: 35 | N9: =IF($C9="","",IF(M$8>0, (M9/M$8)*40, 0)) -> 35 | O9: =IF($C9="","",ROUND(K9+(L9*0.1)+N9,0)) -> 91 | P9: 15 | Q9: 14 | R9: 17 | S9: 20 | T9: 18 | U9: 9 | V9: =IF($C9="","",SUM(P9:U9)) -> 93 | W9: =IF($C9="","",IF(V$8>0, (V9/V$8)*50, 0)) -> 42.272727 | X9: 100 | Y9: 35 | Z9: =IF($C9="","",IF(Y$8>0, (Y9/Y$8)*40, 0)) -> 35 | AA9: =IF($C9="","",ROUND(W9+(X9*0.1)+Z9,0)) -> 87 | AB9: =IF($C9="","",ROUND(AVERAGE(O9, AA9),0)) -> 89 | AC9: 18 | AD9: 19 | AE9: 17 | AF9: 20 | AG9: 18 | AH9: 9 | AI9: =IF($C9="","",SUM(AC9:AH9)) -> 101 | AJ9: =IF($C9="","",IF(AI$8>0, (AI9/AI$8)*50, 0)) -> 45.909091 | AK9: 100 | AL9: 35 | AM9: =IF($C9="","",IF(AL$8>0, (AL9/AL$8)*40, 0)) -> 35 | AN9: =IF($C9="","",ROUND(AJ9+(AK9*0.1)+AM9,0)) -> 91 | AO9: 18 | AP9: 19 | AQ9: 17 | AR9: 20 | AS9: 18 | AT9: 9 | AU9: =IF($C9="","",SUM(AO9:AT9)) -> 101 | AV9: =IF($C9="","",IF(AU$8>0, (AU9/AU$8)*50, 0)) -> 45.909091 | AW9: 100 | AX9: 35 | AY9: =IF($C9="","",IF(AX$8>0, (AX9/AX$8)*40, 0)) -> 35 | AZ9: =IF($C9="","",ROUND(AV9+(AW9*0.1)+AY9,0)) -> 91 | BA9: =IF($C9="","",ROUND(AVERAGE(AN9, AZ9),0)) -> 91 | BB9: =IF($C9="","",ROUND(AVERAGE(AB9, BA9),0)) -> 90 | BC9: =IF($C9="","",IF(BB9>=98, 1, IF(BB9>=95, 1.25, IF(BB9>=92, 1.5, IF(BB9>=89, 1.75, IF(BB9>=86, 2, IF(BB9>=83, 2.25, IF(BB9>=80, 2.5, IF(BB9>=77, 2.75, IF(BB9>=75, 3, 5)))))))))) -> 1.75 | BD9: =IF($C9="","",IF(BC9<=3, "Passed", "Failed")) -> Passed
A10: 2 | B10: 2025-1002 | C10: SATIAGO, MARK ANGELO | D10: 20 | E10: 18 | F10: 20 | G10: 17 | H10: 15 | I10: 5 | J10: =IF($C10="","",SUM(D10:I10)) -> 95 | K10: =IF($C10="","",IF(J$8>0, (J10/J$8)*50, 0)) -> 43.181818 | L10: 80 | M10: 40 | N10: =IF($C10="","",IF(M$8>0, (M10/M$8)*40, 0)) -> 40 | O10: =IF($C10="","",ROUND(K10+(L10*0.1)+N10,0)) -> 91 | P10: 19 | Q10: 17 | R10: 18 | S10: 19 | T10: 17 | U10: 10 | V10: =IF($C10="","",SUM(P10:U10)) -> 100 | W10: =IF($C10="","",IF(V$8>0, (V10/V$8)*50, 0)) -> 45.454545 | X10: 90 | Y10: 37 | Z10: =IF($C10="","",IF(Y$8>0, (Y10/Y$8)*40, 0)) -> 37 | AA10: =IF($C10="","",ROUND(W10+(X10*0.1)+Z10,0)) -> 91 | AB10: =IF($C10="","",ROUND(AVERAGE(O10, AA10),0)) -> 91 | AC10: 20 | AD10: 18 | AE10: 20 | AF10: 17 | AG10: 15 | AH10: 5 | AI10: =IF($C10="","",SUM(AC10:AH10)) -> 95 | AJ10: =IF($C10="","",IF(AI$8>0, (AI10/AI$8)*50, 0)) -> 43.181818 | AK10: 85 | AL10: 30 | AM10: =IF($C10="","",IF(AL$8>0, (AL10/AL$8)*40, 0)) -> 30 | AN10: =IF($C10="","",ROUND(AJ10+(AK10*0.1)+AM10,0)) -> 82 | AO10: 15 | AP10: 14 | AQ10: 17 | AR10: 20 | AS10: 18 | AT10: 9 | AU10: =IF($C10="","",SUM(AO10:AT10)) -> 93 | AV10: =IF($C10="","",IF(AU$8>0, (AU10/AU$8)*50, 0)) -> 42.272727 | AW10: 100 | AX10: 25 | AY10: =IF($C10="","",IF(AX$8>0, (AX10/AX$8)*40, 0)) -> 25 | AZ10: =IF($C10="","",ROUND(AV10+(AW10*0.1)+AY10,0)) -> 77 | BA10: =IF($C10="","",ROUND(AVERAGE(AN10, AZ10),0)) -> 80 | BB10: =IF($C10="","",ROUND(AVERAGE(AB10, BA10),0)) -> 86 | BC10: =IF($C10="","",IF(BB10>=98, 1, IF(BB10>=95, 1.25, IF(BB10>=92, 1.5, IF(BB10>=89, 1.75, IF(BB10>=86, 2, IF(BB10>=83, 2.25, IF(BB10>=80, 2.5, IF(BB10>=77, 2.75, IF(BB10>=75, 3, 5)))))))))) -> 2 | BD10: =IF($C10="","",IF(BC10<=3, "Passed", "Failed")) -> Passed
A11: 3 | B11: 2025-1003 | C11: CELESTINO, CARLO | D11: 19 | E11: 17 | F11: 18 | G11: 19 | H11: 17 | I11: 10 | J11: =IF($C11="","",SUM(D11:I11)) -> 100 | K11: =IF($C11="","",IF(J$8>0, (J11/J$8)*50, 0)) -> 45.454545 | L11: 95 | M11: 30 | N11: =IF($C11="","",IF(M$8>0, (M11/M$8)*40, 0)) -> 30 | O11: =IF($C11="","",ROUND(K11+(L11*0.1)+N11,0)) -> 85 | P11: 20 | Q11: 18 | R11: 20 | S11: 17 | T11: 15 | U11: 5 | V11: =IF($C11="","",SUM(P11:U11)) -> 95 | W11: =IF($C11="","",IF(V$8>0, (V11/V$8)*50, 0)) -> 43.181818 | X11: 85 | Y11: 40 | Z11: =IF($C11="","",IF(Y$8>0, (Y11/Y$8)*40, 0)) -> 40 | AA11: =IF($C11="","",ROUND(W11+(X11*0.1)+Z11,0)) -> 92 | AB11: =IF($C11="","",ROUND(AVERAGE(O11, AA11),0)) -> 89 | AC11: 15 | AD11: 14 | AE11: 17 | AF11: 20 | AG11: 18 | AH11: 9 | AI11: =IF($C11="","",SUM(AC11:AH11)) -> 93 | AJ11: =IF($C11="","",IF(AI$8>0, (AI11/AI$8)*50, 0)) -> 42.272727 | AK11: 95 | AL11: 33 | AM11: =IF($C11="","",IF(AL$8>0, (AL11/AL$8)*40, 0)) -> 33 | AN11: =IF($C11="","",ROUND(AJ11+(AK11*0.1)+AM11,0)) -> 85 | AO11: 18 | AP11: 19 | AQ11: 17 | AR11: 20 | AS11: 18 | AT11: 9 | AU11: =IF($C11="","",SUM(AO11:AT11)) -> 101 | AV11: =IF($C11="","",IF(AU$8>0, (AU11/AU$8)*50, 0)) -> 45.909091 | AW11: 100 | AX11: 29 | AY11: =IF($C11="","",IF(AX$8>0, (AX11/AX$8)*40, 0)) -> 29 | AZ11: =IF($C11="","",ROUND(AV11+(AW11*0.1)+AY11,0)) -> 85 | BA11: =IF($C11="","",ROUND(AVERAGE(AN11, AZ11),0)) -> 85 | BB11: =IF($C11="","",ROUND(AVERAGE(AB11, BA11),0)) -> 87 | BC11: =IF($C11="","",IF(BB11>=98, 1, IF(BB11>=95, 1.25, IF(BB11>=92, 1.5, IF(BB11>=89, 1.75, IF(BB11>=86, 2, IF(BB11>=83, 2.25, IF(BB11>=80, 2.5, IF(BB11>=77, 2.75, IF(BB11>=75, 3, 5)))))))))) -> 2 | BD11: =IF($C11="","",IF(BC11<=3, "Passed", "Failed")) -> Passed
A12: 4 | J12: =IF($C12="","",SUM(D12:I12)) | K12: =IF($C12="","",IF(J$8>0, (J12/J$8)*50, 0)) | N12: =IF($C12="","",IF(M$8>0, (M12/M$8)*40, 0)) | O12: =IF($C12="","",ROUND(K12+(L12*0.1)+N12,0)) | V12: =IF($C12="","",SUM(P12:U12)) | W12: =IF($C12="","",IF(V$8>0, (V12/V$8)*50, 0)) | Z12: =IF($C12="","",IF(Y$8>0, (Y12/Y$8)*40, 0)) | AA12: =IF($C12="","",ROUND(W12+(X12*0.1)+Z12,0)) | AB12: =IF($C12="","",ROUND(AVERAGE(O12, AA12),0)) | AI12: =IF($C12="","",SUM(AC12:AH12)) | AJ12: =IF($C12="","",IF(AI$8>0, (AI12/AI$8)*50, 0)) | AM12: =IF($C12="","",IF(AL$8>0, (AL12/AL$8)*40, 0)) | AN12: =IF($C12="","",ROUND(AJ12+(AK12*0.1)+AM12,0)) | AU12: =IF($C12="","",SUM(AO12:AT12)) | AV12: =IF($C12="","",IF(AU$8>0, (AU12/AU$8)*50, 0)) | AY12: =IF($C12="","",IF(AX$8>0, (AX12/AX$8)*40, 0)) | AZ12: =IF($C12="","",ROUND(AV12+(AW12*0.1)+AY12,0)) | BA12: =IF($C12="","",ROUND(AVERAGE(AN12, AZ12),0)) | BB12: =IF($C12="","",ROUND(AVERAGE(AB12, BA12),0)) | BC12: =IF($C12="","",IF(BB12>=98, 1, IF(BB12>=95, 1.25, IF(BB12>=92, 1.5, IF(BB12>=89, 1.75, IF(BB12>=86, 2, IF(BB12>=83, 2.25, IF(BB12>=80, 2.5, IF(BB12>=77, 2.75, IF(BB12>=75, 3, 5)))))))))) | BD12: =IF($C12="","",IF(BC12<=3, "Passed", "Failed"))
A13: 5 | J13: =IF($C13="","",SUM(D13:I13)) | K13: =IF($C13="","",IF(J$8>0, (J13/J$8)*50, 0)) | N13: =IF($C13="","",IF(M$8>0, (M13/M$8)*40, 0)) | O13: =IF($C13="","",ROUND(K13+(L13*0.1)+N13,0)) | V13: =IF($C13="","",SUM(P13:U13)) | W13: =IF($C13="","",IF(V$8>0, (V13/V$8)*50, 0)) | Z13: =IF($C13="","",IF(Y$8>0, (Y13/Y$8)*40, 0)) | AA13: =IF($C13="","",ROUND(W13+(X13*0.1)+Z13,0)) | AB13: =IF($C13="","",ROUND(AVERAGE(O13, AA13),0)) | AI13: =IF($C13="","",SUM(AC13:AH13)) | AJ13: =IF($C13="","",IF(AI$8>0, (AI13/AI$8)*50, 0)) | AM13: =IF($C13="","",IF(AL$8>0, (AL13/AL$8)*40, 0)) | AN13: =IF($C13="","",ROUND(AJ13+(AK13*0.1)+AM13,0)) | AU13: =IF($C13="","",SUM(AO13:AT13)) | AV13: =IF($C13="","",IF(AU$8>0, (AU13/AU$8)*50, 0)) | AY13: =IF($C13="","",IF(AX$8>0, (AX13/AX$8)*40, 0)) | AZ13: =IF($C13="","",ROUND(AV13+(AW13*0.1)+AY13,0)) | BA13: =IF($C13="","",ROUND(AVERAGE(AN13, AZ13),0)) | BB13: =IF($C13="","",ROUND(AVERAGE(AB13, BA13),0)) | BC13: =IF($C13="","",IF(BB13>=98, 1, IF(BB13>=95, 1.25, IF(BB13>=92, 1.5, IF(BB13>=89, 1.75, IF(BB13>=86, 2, IF(BB13>=83, 2.25, IF(BB13>=80, 2.5, IF(BB13>=77, 2.75, IF(BB13>=75, 3, 5)))))))))) | BD13: =IF($C13="","",IF(BC13<=3, "Passed", "Failed"))
A14: 6 | J14: =IF($C14="","",SUM(D14:I14)) | K14: =IF($C14="","",IF(J$8>0, (J14/J$8)*50, 0)) | N14: =IF($C14="","",IF(M$8>0, (M14/M$8)*40, 0)) | O14: =IF($C14="","",ROUND(K14+(L14*0.1)+N14,0)) | V14: =IF($C14="","",SUM(P14:U14)) | W14: =IF($C14="","",IF(V$8>0, (V14/V$8)*50, 0)) | Z14: =IF($C14="","",IF(Y$8>0, (Y14/Y$8)*40, 0)) | AA14: =IF($C14="","",ROUND(W14+(X14*0.1)+Z14,0)) | AB14: =IF($C14="","",ROUND(AVERAGE(O14, AA14),0)) | AI14: =IF($C14="","",SUM(AC14:AH14)) | AJ14: =IF($C14="","",IF(AI$8>0, (AI14/AI$8)*50, 0)) | AM14: =IF($C14="","",IF(AL$8>0, (AL14/AL$8)*40, 0)) | AN14: =IF($C14="","",ROUND(AJ14+(AK14*0.1)+AM14,0)) | AU14: =IF($C14="","",SUM(AO14:AT14)) | AV14: =IF($C14="","",IF(AU$8>0, (AU14/AU$8)*50, 0)) | AY14: =IF($C14="","",IF(AX$8>0, (AX14/AX$8)*40, 0)) | AZ14: =IF($C14="","",ROUND(AV14+(AW14*0.1)+AY14,0)) | BA14: =IF($C14="","",ROUND(AVERAGE(AN14, AZ14),0)) | BB14: =IF($C14="","",ROUND(AVERAGE(AB14, BA14),0)) | BC14: =IF($C14="","",IF(BB14>=98, 1, IF(BB14>=95, 1.25, IF(BB14>=92, 1.5, IF(BB14>=89, 1.75, IF(BB14>=86, 2, IF(BB14>=83, 2.25, IF(BB14>=80, 2.5, IF(BB14>=77, 2.75, IF(BB14>=75, 3, 5)))))))))) | BD14: =IF($C14="","",IF(BC14<=3, "Passed", "Failed"))
A15: 7 | J15: =IF($C15="","",SUM(D15:I15)) | K15: =IF($C15="","",IF(J$8>0, (J15/J$8)*50, 0)) | N15: =IF($C15="","",IF(M$8>0, (M15/M$8)*40, 0)) | O15: =IF($C15="","",ROUND(K15+(L15*0.1)+N15,0)) | V15: =IF($C15="","",SUM(P15:U15)) | W15: =IF($C15="","",IF(V$8>0, (V15/V$8)*50, 0)) | Z15: =IF($C15="","",IF(Y$8>0, (Y15/Y$8)*40, 0)) | AA15: =IF($C15="","",ROUND(W15+(X15*0.1)+Z15,0)) | AB15: =IF($C15="","",ROUND(AVERAGE(O15, AA15),0)) | AI15: =IF($C15="","",SUM(AC15:AH15)) | AJ15: =IF($C15="","",IF(AI$8>0, (AI15/AI$8)*50, 0)) | AM15: =IF($C15="","",IF(AL$8>0, (AL15/AL$8)*40, 0)) | AN15: =IF($C15="","",ROUND(AJ15+(AK15*0.1)+AM15,0)) | AU15: =IF($C15="","",SUM(AO15:AT15)) | AV15: =IF($C15="","",IF(AU$8>0, (AU15/AU$8)*50, 0)) | AY15: =IF($C15="","",IF(AX$8>0, (AX15/AX$8)*40, 0)) | AZ15: =IF($C15="","",ROUND(AV15+(AW15*0.1)+AY15,0)) | BA15: =IF($C15="","",ROUND(AVERAGE(AN15, AZ15),0)) | BB15: =IF($C15="","",ROUND(AVERAGE(AB15, BA15),0)) | BC15: =IF($C15="","",IF(BB15>=98, 1, IF(BB15>=95, 1.25, IF(BB15>=92, 1.5, IF(BB15>=89, 1.75, IF(BB15>=86, 2, IF(BB15>=83, 2.25, IF(BB15>=80, 2.5, IF(BB15>=77, 2.75, IF(BB15>=75, 3, 5)))))))))) | BD15: =IF($C15="","",IF(BC15<=3, "Passed", "Failed"))
A16: 8 | J16: =IF($C16="","",SUM(D16:I16)) | K16: =IF($C16="","",IF(J$8>0, (J16/J$8)*50, 0)) | N16: =IF($C16="","",IF(M$8>0, (M16/M$8)*40, 0)) | O16: =IF($C16="","",ROUND(K16+(L16*0.1)+N16,0)) | V16: =IF($C16="","",SUM(P16:U16)) | W16: =IF($C16="","",IF(V$8>0, (V16/V$8)*50, 0)) | Z16: =IF($C16="","",IF(Y$8>0, (Y16/Y$8)*40, 0)) | AA16: =IF($C16="","",ROUND(W16+(X16*0.1)+Z16,0)) | AB16: =IF($C16="","",ROUND(AVERAGE(O16, AA16),0)) | AI16: =IF($C16="","",SUM(AC16:AH16)) | AJ16: =IF($C16="","",IF(AI$8>0, (AI16/AI$8)*50, 0)) | AM16: =IF($C16="","",IF(AL$8>0, (AL16/AL$8)*40, 0)) | AN16: =IF($C16="","",ROUND(AJ16+(AK16*0.1)+AM16,0)) | AU16: =IF($C16="","",SUM(AO16:AT16)) | AV16: =IF($C16="","",IF(AU$8>0, (AU16/AU$8)*50, 0)) | AY16: =IF($C16="","",IF(AX$8>0, (AX16/AX$8)*40, 0)) | AZ16: =IF($C16="","",ROUND(AV16+(AW16*0.1)+AY16,0)) | BA16: =IF($C16="","",ROUND(AVERAGE(AN16, AZ16),0)) | BB16: =IF($C16="","",ROUND(AVERAGE(AB16, BA16),0)) | BC16: =IF($C16="","",IF(BB16>=98, 1, IF(BB16>=95, 1.25, IF(BB16>=92, 1.5, IF(BB16>=89, 1.75, IF(BB16>=86, 2, IF(BB16>=83, 2.25, IF(BB16>=80, 2.5, IF(BB16>=77, 2.75, IF(BB16>=75, 3, 5)))))))))) | BD16: =IF($C16="","",IF(BC16<=3, "Passed", "Failed"))
A17: 9 | J17: =IF($C17="","",SUM(D17:I17)) | K17: =IF($C17="","",IF(J$8>0, (J17/J$8)*50, 0)) | N17: =IF($C17="","",IF(M$8>0, (M17/M$8)*40, 0)) | O17: =IF($C17="","",ROUND(K17+(L17*0.1)+N17,0)) | V17: =IF($C17="","",SUM(P17:U17)) | W17: =IF($C17="","",IF(V$8>0, (V17/V$8)*50, 0)) | Z17: =IF($C17="","",IF(Y$8>0, (Y17/Y$8)*40, 0)) | AA17: =IF($C17="","",ROUND(W17+(X17*0.1)+Z17,0)) | AB17: =IF($C17="","",ROUND(AVERAGE(O17, AA17),0)) | AI17: =IF($C17="","",SUM(AC17:AH17)) | AJ17: =IF($C17="","",IF(AI$8>0, (AI17/AI$8)*50, 0)) | AM17: =IF($C17="","",IF(AL$8>0, (AL17/AL$8)*40, 0)) | AN17: =IF($C17="","",ROUND(AJ17+(AK17*0.1)+AM17,0)) | AU17: =IF($C17="","",SUM(AO17:AT17)) | AV17: =IF($C17="","",IF(AU$8>0, (AU17/AU$8)*50, 0)) | AY17: =IF($C17="","",IF(AX$8>0, (AX17/AX$8)*40, 0)) | AZ17: =IF($C17="","",ROUND(AV17+(AW17*0.1)+AY17,0)) | BA17: =IF($C17="","",ROUND(AVERAGE(AN17, AZ17),0)) | BB17: =IF($C17="","",ROUND(AVERAGE(AB17, BA17),0)) | BC17: =IF($C17="","",IF(BB17>=98, 1, IF(BB17>=95, 1.25, IF(BB17>=92, 1.5, IF(BB17>=89, 1.75, IF(BB17>=86, 2, IF(BB17>=83, 2.25, IF(BB17>=80, 2.5, IF(BB17>=77, 2.75, IF(BB17>=75, 3, 5)))))))))) | BD17: =IF($C17="","",IF(BC17<=3, "Passed", "Failed"))
A18: 10 | J18: =IF($C18="","",SUM(D18:I18)) | K18: =IF($C18="","",IF(J$8>0, (J18/J$8)*50, 0)) | N18: =IF($C18="","",IF(M$8>0, (M18/M$8)*40, 0)) | O18: =IF($C18="","",ROUND(K18+(L18*0.1)+N18,0)) | V18: =IF($C18="","",SUM(P18:U18)) | W18: =IF($C18="","",IF(V$8>0, (V18/V$8)*50, 0)) | Z18: =IF($C18="","",IF(Y$8>0, (Y18/Y$8)*40, 0)) | AA18: =IF($C18="","",ROUND(W18+(X18*0.1)+Z18,0)) | AB18: =IF($C18="","",ROUND(AVERAGE(O18, AA18),0)) | AI18: =IF($C18="","",SUM(AC18:AH18)) | AJ18: =IF($C18="","",IF(AI$8>0, (AI18/AI$8)*50, 0)) | AM18: =IF($C18="","",IF(AL$8>0, (AL18/AL$8)*40, 0)) | AN18: =IF($C18="","",ROUND(AJ18+(AK18*0.1)+AM18,0)) | AU18: =IF($C18="","",SUM(AO18:AT18)) | AV18: =IF($C18="","",IF(AU$8>0, (AU18/AU$8)*50, 0)) | AY18: =IF($C18="","",IF(AX$8>0, (AX18/AX$8)*40, 0)) | AZ18: =IF($C18="","",ROUND(AV18+(AW18*0.1)+AY18,0)) | BA18: =IF($C18="","",ROUND(AVERAGE(AN18, AZ18),0)) | BB18: =IF($C18="","",ROUND(AVERAGE(AB18, BA18),0)) | BC18: =IF($C18="","",IF(BB18>=98, 1, IF(BB18>=95, 1.25, IF(BB18>=92, 1.5, IF(BB18>=89, 1.75, IF(BB18>=86, 2, IF(BB18>=83, 2.25, IF(BB18>=80, 2.5, IF(BB18>=77, 2.75, IF(BB18>=75, 3, 5)))))))))) | BD18: =IF($C18="","",IF(BC18<=3, "Passed", "Failed"))
A19: 11 | J19: =IF($C19="","",SUM(D19:I19)) | K19: =IF($C19="","",IF(J$8>0, (J19/J$8)*50, 0)) | N19: =IF($C19="","",IF(M$8>0, (M19/M$8)*40, 0)) | O19: =IF($C19="","",ROUND(K19+(L19*0.1)+N19,0)) | V19: =IF($C19="","",SUM(P19:U19)) | W19: =IF($C19="","",IF(V$8>0, (V19/V$8)*50, 0)) | Z19: =IF($C19="","",IF(Y$8>0, (Y19/Y$8)*40, 0)) | AA19: =IF($C19="","",ROUND(W19+(X19*0.1)+Z19,0)) | AB19: =IF($C19="","",ROUND(AVERAGE(O19, AA19),0)) | AI19: =IF($C19="","",SUM(AC19:AH19)) | AJ19: =IF($C19="","",IF(AI$8>0, (AI19/AI$8)*50, 0)) | AM19: =IF($C19="","",IF(AL$8>0, (AL19/AL$8)*40, 0)) | AN19: =IF($C19="","",ROUND(AJ19+(AK19*0.1)+AM19,0)) | AU19: =IF($C19="","",SUM(AO19:AT19)) | AV19: =IF($C19="","",IF(AU$8>0, (AU19/AU$8)*50, 0)) | AY19: =IF($C19="","",IF(AX$8>0, (AX19/AX$8)*40, 0)) | AZ19: =IF($C19="","",ROUND(AV19+(AW19*0.1)+AY19,0)) | BA19: =IF($C19="","",ROUND(AVERAGE(AN19, AZ19),0)) | BB19: =IF($C19="","",ROUND(AVERAGE(AB19, BA19),0)) | BC19: =IF($C19="","",IF(BB19>=98, 1, IF(BB19>=95, 1.25, IF(BB19>=92, 1.5, IF(BB19>=89, 1.75, IF(BB19>=86, 2, IF(BB19>=83, 2.25, IF(BB19>=80, 2.5, IF(BB19>=77, 2.75, IF(BB19>=75, 3, 5)))))))))) | BD19: =IF($C19="","",IF(BC19<=3, "Passed", "Failed"))
A20: 12 | J20: =IF($C20="","",SUM(D20:I20)) | K20: =IF($C20="","",IF(J$8>0, (J20/J$8)*50, 0)) | N20: =IF($C20="","",IF(M$8>0, (M20/M$8)*40, 0)) | O20: =IF($C20="","",ROUND(K20+(L20*0.1)+N20,0)) | V20: =IF($C20="","",SUM(P20:U20)) | W20: =IF($C20="","",IF(V$8>0, (V20/V$8)*50, 0)) | Z20: =IF($C20="","",IF(Y$8>0, (Y20/Y$8)*40, 0)) | AA20: =IF($C20="","",ROUND(W20+(X20*0.1)+Z20,0)) | AB20: =IF($C20="","",ROUND(AVERAGE(O20, AA20),0)) | AI20: =IF($C20="","",SUM(AC20:AH20)) | AJ20: =IF($C20="","",IF(AI$8>0, (AI20/AI$8)*50, 0)) | AM20: =IF($C20="","",IF(AL$8>0, (AL20/AL$8)*40, 0)) | AN20: =IF($C20="","",ROUND(AJ20+(AK20*0.1)+AM20,0)) | AU20: =IF($C20="","",SUM(AO20:AT20)) | AV20: =IF($C20="","",IF(AU$8>0, (AU20/AU$8)*50, 0)) | AY20: =IF($C20="","",IF(AX$8>0, (AX20/AX$8)*40, 0)) | AZ20: =IF($C20="","",ROUND(AV20+(AW20*0.1)+AY20,0)) | BA20: =IF($C20="","",ROUND(AVERAGE(AN20, AZ20),0)) | BB20: =IF($C20="","",ROUND(AVERAGE(AB20, BA20),0)) | BC20: =IF($C20="","",IF(BB20>=98, 1, IF(BB20>=95, 1.25, IF(BB20>=92, 1.5, IF(BB20>=89, 1.75, IF(BB20>=86, 2, IF(BB20>=83, 2.25, IF(BB20>=80, 2.5, IF(BB20>=77, 2.75, IF(BB20>=75, 3, 5)))))))))) | BD20: =IF($C20="","",IF(BC20<=3, "Passed", "Failed"))
A21: 13 | J21: =IF($C21="","",SUM(D21:I21)) | K21: =IF($C21="","",IF(J$8>0, (J21/J$8)*50, 0)) | N21: =IF($C21="","",IF(M$8>0, (M21/M$8)*40, 0)) | O21: =IF($C21="","",ROUND(K21+(L21*0.1)+N21,0)) | V21: =IF($C21="","",SUM(P21:U21)) | W21: =IF($C21="","",IF(V$8>0, (V21/V$8)*50, 0)) | Z21: =IF($C21="","",IF(Y$8>0, (Y21/Y$8)*40, 0)) | AA21: =IF($C21="","",ROUND(W21+(X21*0.1)+Z21,0)) | AB21: =IF($C21="","",ROUND(AVERAGE(O21, AA21),0)) | AI21: =IF($C21="","",SUM(AC21:AH21)) | AJ21: =IF($C21="","",IF(AI$8>0, (AI21/AI$8)*50, 0)) | AM21: =IF($C21="","",IF(AL$8>0, (AL21/AL$8)*40, 0)) | AN21: =IF($C21="","",ROUND(AJ21+(AK21*0.1)+AM21,0)) | AU21: =IF($C21="","",SUM(AO21:AT21)) | AV21: =IF($C21="","",IF(AU$8>0, (AU21/AU$8)*50, 0)) | AY21: =IF($C21="","",IF(AX$8>0, (AX21/AX$8)*40, 0)) | AZ21: =IF($C21="","",ROUND(AV21+(AW21*0.1)+AY21,0)) | BA21: =IF($C21="","",ROUND(AVERAGE(AN21, AZ21),0)) | BB21: =IF($C21="","",ROUND(AVERAGE(AB21, BA21),0)) | BC21: =IF($C21="","",IF(BB21>=98, 1, IF(BB21>=95, 1.25, IF(BB21>=92, 1.5, IF(BB21>=89, 1.75, IF(BB21>=86, 2, IF(BB21>=83, 2.25, IF(BB21>=80, 2.5, IF(BB21>=77, 2.75, IF(BB21>=75, 3, 5)))))))))) | BD21: =IF($C21="","",IF(BC21<=3, "Passed", "Failed"))
A22: 14 | J22: =IF($C22="","",SUM(D22:I22)) | K22: =IF($C22="","",IF(J$8>0, (J22/J$8)*50, 0)) | N22: =IF($C22="","",IF(M$8>0, (M22/M$8)*40, 0)) | O22: =IF($C22="","",ROUND(K22+(L22*0.1)+N22,0)) | V22: =IF($C22="","",SUM(P22:U22)) | W22: =IF($C22="","",IF(V$8>0, (V22/V$8)*50, 0)) | Z22: =IF($C22="","",IF(Y$8>0, (Y22/Y$8)*40, 0)) | AA22: =IF($C22="","",ROUND(W22+(X22*0.1)+Z22,0)) | AB22: =IF($C22="","",ROUND(AVERAGE(O22, AA22),0)) | AI22: =IF($C22="","",SUM(AC22:AH22)) | AJ22: =IF($C22="","",IF(AI$8>0, (AI22/AI$8)*50, 0)) | AM22: =IF($C22="","",IF(AL$8>0, (AL22/AL$8)*40, 0)) | AN22: =IF($C22="","",ROUND(AJ22+(AK22*0.1)+AM22,0)) | AU22: =IF($C22="","",SUM(AO22:AT22)) | AV22: =IF($C22="","",IF(AU$8>0, (AU22/AU$8)*50, 0)) | AY22: =IF($C22="","",IF(AX$8>0, (AX22/AX$8)*40, 0)) | AZ22: =IF($C22="","",ROUND(AV22+(AW22*0.1)+AY22,0)) | BA22: =IF($C22="","",ROUND(AVERAGE(AN22, AZ22),0)) | BB22: =IF($C22="","",ROUND(AVERAGE(AB22, BA22),0)) | BC22: =IF($C22="","",IF(BB22>=98, 1, IF(BB22>=95, 1.25, IF(BB22>=92, 1.5, IF(BB22>=89, 1.75, IF(BB22>=86, 2, IF(BB22>=83, 2.25, IF(BB22>=80, 2.5, IF(BB22>=77, 2.75, IF(BB22>=75, 3, 5)))))))))) | BD22: =IF($C22="","",IF(BC22<=3, "Passed", "Failed"))
A23: 15 | J23: =IF($C23="","",SUM(D23:I23)) | K23: =IF($C23="","",IF(J$8>0, (J23/J$8)*50, 0)) | N23: =IF($C23="","",IF(M$8>0, (M23/M$8)*40, 0)) | O23: =IF($C23="","",ROUND(K23+(L23*0.1)+N23,0)) | V23: =IF($C23="","",SUM(P23:U23)) | W23: =IF($C23="","",IF(V$8>0, (V23/V$8)*50, 0)) | Z23: =IF($C23="","",IF(Y$8>0, (Y23/Y$8)*40, 0)) | AA23: =IF($C23="","",ROUND(W23+(X23*0.1)+Z23,0)) | AB23: =IF($C23="","",ROUND(AVERAGE(O23, AA23),0)) | AI23: =IF($C23="","",SUM(AC23:AH23)) | AJ23: =IF($C23="","",IF(AI$8>0, (AI23/AI$8)*50, 0)) | AM23: =IF($C23="","",IF(AL$8>0, (AL23/AL$8)*40, 0)) | AN23: =IF($C23="","",ROUND(AJ23+(AK23*0.1)+AM23,0)) | AU23: =IF($C23="","",SUM(AO23:AT23)) | AV23: =IF($C23="","",IF(AU$8>0, (AU23/AU$8)*50, 0)) | AY23: =IF($C23="","",IF(AX$8>0, (AX23/AX$8)*40, 0)) | AZ23: =IF($C23="","",ROUND(AV23+(AW23*0.1)+AY23,0)) | BA23: =IF($C23="","",ROUND(AVERAGE(AN23, AZ23),0)) | BB23: =IF($C23="","",ROUND(AVERAGE(AB23, BA23),0)) | BC23: =IF($C23="","",IF(BB23>=98, 1, IF(BB23>=95, 1.25, IF(BB23>=92, 1.5, IF(BB23>=89, 1.75, IF(BB23>=86, 2, IF(BB23>=83, 2.25, IF(BB23>=80, 2.5, IF(BB23>=77, 2.75, IF(BB23>=75, 3, 5)))))))))) | BD23: =IF($C23="","",IF(BC23<=3, "Passed", "Failed"))
... A68: 60 | J68: =IF($C68="","",SUM(D68:I68)) | K68: =IF($C68="","",IF(J$8>0, (J68/J$8)*50, 0)) | N68: =IF($C68="","",IF(M$8>0, (M68/M$8)*40, 0)) | O68: =IF($C68="","",ROUND(K68+(L68*0.1)+N68,0)) | V68: =IF($C68="","",SUM(P68:U68)) | W68: =IF($C68="","",IF(V$8>0, (V68/V$8)*50, 0)) | Z68: =IF($C68="","",IF(Y$8>0, (Y68/Y$8)*40, 0)) | AA68: =IF($C68="","",ROUND(W68+(X68*0.1)+Z68,0)) | AB68: =IF($C68="","",ROUND(AVERAGE(O68, AA68),0)) | AI68: =IF($C68="","",SUM(AC68:AH68)) | AJ68: =IF($C68="","",IF(AI$8>0, (AI68/AI$8)*50, 0)) | AM68: =IF($C68="","",IF(AL$8>0, (AL68/AL$8)*40, 0)) | AN68: =IF($C68="","",ROUND(AJ68+(AK68*0.1)+AM68,0)) | AU68: =IF($C68="","",SUM(AO68:AT68)) | AV68: =IF($C68="","",IF(AU$8>0, (AU68/AU$8)*50, 0)) | AY68: =IF($C68="","",IF(AX$8>0, (AX68/AX$8)*40, 0)) | AZ68: =IF($C68="","",ROUND(AV68+(AW68*0.1)+AY68,0)) | BA68: =IF($C68="","",ROUND(AVERAGE(AN68, AZ68),0)) | BB68: =IF($C68="","",ROUND(AVERAGE(AB68, BA68),0)) | BC68: =IF($C68="","",IF(BB68>=98, 1, IF(BB68>=95, 1.25, IF(BB68>=92, 1.5, IF(BB68>=89, 1.75, IF(BB68>=86, 2, IF(BB68>=83, 2.25, IF(BB68>=80, 2.5, IF(BB68>=77, 2.75, IF(BB68>=75, 3, 5)))))))))) | BD68: =IF($C68="","",IF(BC68<=3, "Passed", "Failed"))

Sheet Report of Grades
A5: 98-100 | B5: 1 | L5: Subject Code:
A6: 95-97 | B6: 1.25 | E6: OFFICE OF THE REGISTRAR | L6: ='Subject Profile'!D12 -> BSITCPR323
A7: 92-94 | B7: 1.5 | E7: REPORT OF GRADES | L7: Subject Description:
A8: 89-91 | B8: 1.75 | L8: ='Subject Profile'!D14 -> Capstone and Research 1
A9: 86-88 | B9: 2 | L9: College:
A10: 83-85 | B10: 2.25 | E10: Semester / Summer and School Year | L10: ='Subject Profile'!D10 -> College of Computer Studies
A11: 80-82 | B11: 2.5 | L11: Schedule of Classes:
A12: 77-79 | B12: 2.75 | E12: ='Subject Profile'!D15 & " - " & 'Subject Profile'!D17 -> 2nd Sem - 2025-2026 | L12: Day: | M12: ='Subject Profile'!I14 -> Sat
A13: 75-76 | B13: 3 | L13: Time/Hour: | M13: ='Subject Profile'!I15 -> 7:00 - 10:00
A14: 74 below | B14: 5 | D14: Course: | E14: ='Subject Profile'!D18 -> BSIT | H14: Section: | I14: ='Subject Profile'!D19 -> IT3A
A15: Incomplete | B15: Inc. | N15: ='Subject Profile'!I10 -> 3
A16: Dropped | B16: Drp.
A17: No. | B17: Student's Name | E17: MR | F17: TFR | G17: SG | H17: No. | I17: Student's Name | L17: MR | M17: TFR | N17: SG
A18: 1 | B18: ='Record Sheet'!C9 -> GABRIEL, JOHN CHRISTIAN C. | E18: =IF('Record Sheet'!C9="", "", 'Record Sheet'!AB9&"%") -> 89% | F18: =IF('Record Sheet'!C9="", "", 'Record Sheet'!BA9&"%") -> 91% | G18: =IF('Record Sheet'!C9="", "", 'Record Sheet'!BC9) -> 1.75 | H18: 31 | I18: ='Record Sheet'!C39 -> 0 | L18: =IF('Record Sheet'!C39="", "", 'Record Sheet'!AB39&"%") | M18: =IF('Record Sheet'!C39="", "", 'Record Sheet'!BA39&"%") | N18: =IF('Record Sheet'!C39="", "", 'Record Sheet'!BC39)
A19: 2 | B19: ='Record Sheet'!C10 -> SATIAGO, MARK ANGELO | E19: =IF('Record Sheet'!C10="", "", 'Record Sheet'!AB10&"%") -> 91% | F19: =IF('Record Sheet'!C10="", "", 'Record Sheet'!BA10&"%") -> 80% | G19: =IF('Record Sheet'!C10="", "", 'Record Sheet'!BC10) -> 2 | H19: 32 | I19: ='Record Sheet'!C40 -> 0 | L19: =IF('Record Sheet'!C40="", "", 'Record Sheet'!AB40&"%") | M19: =IF('Record Sheet'!C40="", "", 'Record Sheet'!BA40&"%") | N19: =IF('Record Sheet'!C40="", "", 'Record Sheet'!BC40)
A20: 3 | B20: ='Record Sheet'!C11 -> CELESTINO, CARLO | E20: =IF('Record Sheet'!C11="", "", 'Record Sheet'!AB11&"%") -> 89% | F20: =IF('Record Sheet'!C11="", "", 'Record Sheet'!BA11&"%") -> 85% | G20: =IF('Record Sheet'!C11="", "", 'Record Sheet'!BC11) -> 2 | H20: 33 | I20: ='Record Sheet'!C41 -> 0 | L20: =IF('Record Sheet'!C41="", "", 'Record Sheet'!AB41&"%") | M20: =IF('Record Sheet'!C41="", "", 'Record Sheet'!BA41&"%") | N20: =IF('Record Sheet'!C41="", "", 'Record Sheet'!BC41)
A21: 4 | B21: ='Record Sheet'!C12 -> 0 | E21: =IF('Record Sheet'!C12="", "", 'Record Sheet'!AB12&"%") | F21: =IF('Record Sheet'!C12="", "", 'Record Sheet'!BA12&"%") | G21: =IF('Record Sheet'!C12="", "", 'Record Sheet'!BC12) | H21: 34 | I21: ='Record Sheet'!C42 -> 0 | L21: =IF('Record Sheet'!C42="", "", 'Record Sheet'!AB42&"%") | M21: =IF('Record Sheet'!C42="", "", 'Record Sheet'!BA42&"%") | N21: =IF('Record Sheet'!C42="", "", 'Record Sheet'!BC42)
A22: 5 | B22: ='Record Sheet'!C13 -> 0 | E22: =IF('Record Sheet'!C13="", "", 'Record Sheet'!AB13&"%") | F22: =IF('Record Sheet'!C13="", "", 'Record Sheet'!BA13&"%") | G22: =IF('Record Sheet'!C13="", "", 'Record Sheet'!BC13) | H22: 35 | I22: ='Record Sheet'!C43 -> 0 | L22: =IF('Record Sheet'!C43="", "", 'Record Sheet'!AB43&"%") | M22: =IF('Record Sheet'!C43="", "", 'Record Sheet'!BA43&"%") | N22: =IF('Record Sheet'!C43="", "", 'Record Sheet'!BC43)
A23: 6 | B23: ='Record Sheet'!C14 -> 0 | E23: =IF('Record Sheet'!C14="", "", 'Record Sheet'!AB14&"%") | F23: =IF('Record Sheet'!C14="", "", 'Record Sheet'!BA14&"%") | G23: =IF('Record Sheet'!C14="", "", 'Record Sheet'!BC14) | H23: 36 | I23: ='Record Sheet'!C44 -> 0 | L23: =IF('Record Sheet'!C44="", "", 'Record Sheet'!AB44&"%") | M23: =IF('Record Sheet'!C44="", "", 'Record Sheet'!BA44&"%") | N23: =IF('Record Sheet'!C44="", "", 'Record Sheet'!BC44)
A24: 7 | B24: ='Record Sheet'!C15 -> 0 | E24: =IF('Record Sheet'!C15="", "", 'Record Sheet'!AB15&"%") | F24: =IF('Record Sheet'!C15="", "", 'Record Sheet'!BA15&"%") | G24: =IF('Record Sheet'!C15="", "", 'Record Sheet'!BC15) | H24: 37 | I24: ='Record Sheet'!C45 -> 0 | L24: =IF('Record Sheet'!C45="", "", 'Record Sheet'!AB45&"%") | M24: =IF('Record Sheet'!C45="", "", 'Record Sheet'!BA45&"%") | N24: =IF('Record Sheet'!C45="", "", 'Record Sheet'!BC45)
A25: 8 | B25: ='Record Sheet'!C16 -> 0 | E25: =IF('Record Sheet'!C16="", "", 'Record Sheet'!AB16&"%") | F25: =IF('Record Sheet'!C16="", "", 'Record Sheet'!BA16&"%") | G25: =IF('Record Sheet'!C16="", "", 'Record Sheet'!BC16) | H25: 38 | I25: ='Record Sheet'!C46 -> 0 | L25: =IF('Record Sheet'!C46="", "", 'Record Sheet'!AB46&"%") | M25: =IF('Record Sheet'!C46="", "", 'Record Sheet'!BA46&"%") | N25: =IF('Record Sheet'!C46="", "", 'Record Sheet'!BC46)
A26: 9 | B26: ='Record Sheet'!C17 -> 0 | E26: =IF('Record Sheet'!C17="", "", 'Record Sheet'!AB17&"%") | F26: =IF('Record Sheet'!C17="", "", 'Record Sheet'!BA17&"%") | G26: =IF('Record Sheet'!C17="", "", 'Record Sheet'!BC17) | H26: 39 | I26: ='Record Sheet'!C47 -> 0 | L26: =IF('Record Sheet'!C47="", "", 'Record Sheet'!AB47&"%") | M26: =IF('Record Sheet'!C47="", "", 'Record Sheet'!BA47&"%") | N26: =IF('Record Sheet'!C47="", "", 'Record Sheet'!BC47)
A27: 10 | B27: ='Record Sheet'!C18 -> 0 | E27: =IF('Record Sheet'!C18="", "", 'Record Sheet'!AB18&"%") | F27: =IF('Record Sheet'!C18="", "", 'Record Sheet'!BA18&"%") | G27: =IF('Record Sheet'!C18="", "", 'Record Sheet'!BC18) | H27: 40 | I27: ='Record Sheet'!C48 -> 0 | L27: =IF('Record Sheet'!C48="", "", 'Record Sheet'!AB48&"%") | M27: =IF('Record Sheet'!C48="", "", 'Record Sheet'!BA48&"%") | N27: =IF('Record Sheet'!C48="", "", 'Record Sheet'!BC48)
A28: 11 | B28: ='Record Sheet'!C19 -> 0 | E28: =IF('Record Sheet'!C19="", "", 'Record Sheet'!AB19&"%") | F28: =IF('Record Sheet'!C19="", "", 'Record Sheet'!BA19&"%") | G28: =IF('Record Sheet'!C19="", "", 'Record Sheet'!BC19) | H28: 41 | I28: ='Record Sheet'!C49 -> 0 | L28: =IF('Record Sheet'!C49="", "", 'Record Sheet'!AB49&"%") | M28: =IF('Record Sheet'!C49="", "", 'Record Sheet'!BA49&"%") | N28: =IF('Record Sheet'!C49="", "", 'Record Sheet'!BC49)
A29: 12 | B29: ='Record Sheet'!C20 -> 0 | E29: =IF('Record Sheet'!C20="", "", 'Record Sheet'!AB20&"%") | F29: =IF('Record Sheet'!C20="", "", 'Record Sheet'!BA20&"%") | G29: =IF('Record Sheet'!C20="", "", 'Record Sheet'!BC20) | H29: 42 | I29: ='Record Sheet'!C50 -> 0 | L29: =IF('Record Sheet'!C50="", "", 'Record Sheet'!AB50&"%") | M29: =IF('Record Sheet'!C50="", "", 'Record Sheet'!BA50&"%") | N29: =IF('Record Sheet'!C50="", "", 'Record Sheet'!BC50)
... A47: 30 | B47: ='Record Sheet'!C38 -> 0 | E47: =IF('Record Sheet'!C38="", "", 'Record Sheet'!AB38&"%") | F47: =IF('Record Sheet'!C38="", "", 'Record Sheet'!BA38&"%") | G47: =IF('Record Sheet'!C38="", "", 'Record Sheet'!BC38) | H47: 60 | I47: ='Record Sheet'!C68 -> 0 | L47: =IF('Record Sheet'!C68="", "", 'Record Sheet'!AB68&"%") | M47: =IF('Record Sheet'!C68="", "", 'Record Sheet'!BA68&"%") | N47: =IF('Record Sheet'!C68="", "", 'Record Sheet'!BC68)
